-- LOKAKARYA8.MASTER_PELANGGAN definition
CREATE TABLE "LOKAKARYA8"."MASTER_PELANGGAN" 
   (	"ID_PELANGGAN" NUMBER(9,0), 
	"NAMA" VARCHAR2(50), 
	"NO_TELP" NUMBER(38,0), 
	"ALAMAT" VARCHAR2(100), 
	"USER_ID" NUMBER(11,0), 
	 PRIMARY KEY ("ID_PELANGGAN")
  USING INDEX PCTFREE 10 INITRANS 2 MAXTRANS 255 COMPUTE STATISTICS 
  STORAGE(INITIAL 65536 NEXT 1048576 MINEXTENTS 1 MAXEXTENTS 2147483645
  PCTINCREASE 0 FREELISTS 1 FREELIST GROUPS 1
  BUFFER_POOL DEFAULT FLASH_CACHE DEFAULT CELL_FLASH_CACHE DEFAULT)
  TABLESPACE "USERS"  ENABLE, 
	 CONSTRAINT "MASTER_PELANGGAN_UN" UNIQUE ("NO_TELP")
  USING INDEX PCTFREE 10 INITRANS 2 MAXTRANS 255 COMPUTE STATISTICS 
  STORAGE(INITIAL 65536 NEXT 1048576 MINEXTENTS 1 MAXEXTENTS 2147483645
  PCTINCREASE 0 FREELISTS 1 FREELIST GROUPS 1
  BUFFER_POOL DEFAULT FLASH_CACHE DEFAULT CELL_FLASH_CACHE DEFAULT)
  TABLESPACE "USERS"  ENABLE
   ) SEGMENT CREATION IMMEDIATE 
  PCTFREE 10 PCTUSED 40 INITRANS 1 MAXTRANS 255 
 NOCOMPRESS LOGGING
  STORAGE(INITIAL 65536 NEXT 1048576 MINEXTENTS 1 MAXEXTENTS 2147483645
  PCTINCREASE 0 FREELISTS 1 FREELIST GROUPS 1
  BUFFER_POOL DEFAULT FLASH_CACHE DEFAULT CELL_FLASH_CACHE DEFAULT)
  TABLESPACE "USERS" ;

CREATE UNIQUE INDEX "LOKAKARYA8"."MASTER_PELANGGAN_UN" ON "LOKAKARYA8"."MASTER_PELANGGAN" ("NO_TELP") 
  PCTFREE 10 INITRANS 2 MAXTRANS 255 COMPUTE STATISTICS 
  STORAGE(INITIAL 65536 NEXT 1048576 MINEXTENTS 1 MAXEXTENTS 2147483645
  PCTINCREASE 0 FREELISTS 1 FREELIST GROUPS 1
  BUFFER_POOL DEFAULT FLASH_CACHE DEFAULT CELL_FLASH_CACHE DEFAULT)
  TABLESPACE "USERS" ;
  CREATE UNIQUE INDEX "LOKAKARYA8"."SYS_C0010111" ON "LOKAKARYA8"."MASTER_PELANGGAN" ("ID_PELANGGAN") 
  PCTFREE 10 INITRANS 2 MAXTRANS 255 COMPUTE STATISTICS 
  STORAGE(INITIAL 65536 NEXT 1048576 MINEXTENTS 1 MAXEXTENTS 2147483645
  PCTINCREASE 0 FREELISTS 1 FREELIST GROUPS 1
  BUFFER_POOL DEFAULT FLASH_CACHE DEFAULT CELL_FLASH_CACHE DEFAULT)
  TABLESPACE "USERS" ;
-- LOKAKARYA8.MASTER_PELANGGAN foreign keys
ALTER TABLE "LOKAKARYA8"."MASTER_PELANGGAN" ADD CONSTRAINT "FK_USERS" FOREIGN KEY ("USER_ID")
	  REFERENCES "LOKAKARYA8"."USERS" ("USER_ID") ENABLE;

	 -- LOKAKARYA8.TRANSAKSI_TELKOM definition

CREATE TABLE "LOKAKARYA8"."TRANSAKSI_TELKOM" 
   (	"ID_TRANSAKSI" NUMBER(4,0), 
	"ID_PELANGGAN" NUMBER(9,0), 
	"BULAN_TAGIHAN" NUMBER(2,0) NOT NULL ENABLE, 
	"TAHUN_TAGIHAN" NUMBER(4,0), 
	"UANG" NUMBER(8,0), 
	"STATUS" NUMBER(1,0), 
	 PRIMARY KEY ("ID_TRANSAKSI")
  USING INDEX PCTFREE 10 INITRANS 2 MAXTRANS 255 COMPUTE STATISTICS 
  STORAGE(INITIAL 65536 NEXT 1048576 MINEXTENTS 1 MAXEXTENTS 2147483645
  PCTINCREASE 0 FREELISTS 1 FREELIST GROUPS 1
  BUFFER_POOL DEFAULT FLASH_CACHE DEFAULT CELL_FLASH_CACHE DEFAULT)
  TABLESPACE "USERS"  ENABLE
   ) SEGMENT CREATION IMMEDIATE 
  PCTFREE 10 PCTUSED 40 INITRANS 1 MAXTRANS 255 
 NOCOMPRESS LOGGING
  STORAGE(INITIAL 65536 NEXT 1048576 MINEXTENTS 1 MAXEXTENTS 2147483645
  PCTINCREASE 0 FREELISTS 1 FREELIST GROUPS 1
  BUFFER_POOL DEFAULT FLASH_CACHE DEFAULT CELL_FLASH_CACHE DEFAULT)
  TABLESPACE "USERS" ;

CREATE UNIQUE INDEX "LOKAKARYA8"."SYS_C0010113" ON "LOKAKARYA8"."TRANSAKSI_TELKOM" ("ID_TRANSAKSI") 
  PCTFREE 10 INITRANS 2 MAXTRANS 255 COMPUTE STATISTICS 
  STORAGE(INITIAL 65536 NEXT 1048576 MINEXTENTS 1 MAXEXTENTS 2147483645
  PCTINCREASE 0 FREELISTS 1 FREELIST GROUPS 1
  BUFFER_POOL DEFAULT FLASH_CACHE DEFAULT CELL_FLASH_CACHE DEFAULT)
  TABLESPACE "USERS" ;


-- LOKAKARYA8.TRANSAKSI_TELKOM foreign keys

ALTER TABLE "LOKAKARYA8"."TRANSAKSI_TELKOM" ADD CONSTRAINT "FK_MASTER_PELANGGAN" FOREIGN KEY ("ID_PELANGGAN")
	  REFERENCES "LOKAKARYA8"."MASTER_PELANGGAN" ("ID_PELANGGAN") ENABLE;
-- LOKAKARYA8.HISTORY_TELKOM definition

CREATE TABLE "LOKAKARYA8"."HISTORY_TELKOM" 
   (	"ID_HISTORY" NUMBER(4,0), 
	"ID_PELANGGAN" NUMBER(9,0), 
	"TANGGAL_BAYAR" DATE DEFAULT SYSDATE, 
	"BULAN_TAGIHAN" NUMBER(2,0) NOT NULL ENABLE, 
	"TAHUN_TAGIHAN" NUMBER(9,0), 
	"UANG" NUMBER(8,0), 
	 PRIMARY KEY ("ID_HISTORY")
  USING INDEX PCTFREE 10 INITRANS 2 MAXTRANS 255 COMPUTE STATISTICS 
  STORAGE(INITIAL 65536 NEXT 1048576 MINEXTENTS 1 MAXEXTENTS 2147483645
  PCTINCREASE 0 FREELISTS 1 FREELIST GROUPS 1
  BUFFER_POOL DEFAULT FLASH_CACHE DEFAULT CELL_FLASH_CACHE DEFAULT)
  TABLESPACE "USERS"  ENABLE
   ) SEGMENT CREATION IMMEDIATE 
  PCTFREE 10 PCTUSED 40 INITRANS 1 MAXTRANS 255 
 NOCOMPRESS LOGGING
  STORAGE(INITIAL 65536 NEXT 1048576 MINEXTENTS 1 MAXEXTENTS 2147483645
  PCTINCREASE 0 FREELISTS 1 FREELIST GROUPS 1
  BUFFER_POOL DEFAULT FLASH_CACHE DEFAULT CELL_FLASH_CACHE DEFAULT)
  TABLESPACE "USERS" ;

CREATE UNIQUE INDEX "LOKAKARYA8"."SYS_C0010115" ON "LOKAKARYA8"."HISTORY_TELKOM" ("ID_HISTORY") 
  PCTFREE 10 INITRANS 2 MAXTRANS 255 COMPUTE STATISTICS 
  STORAGE(INITIAL 65536 NEXT 1048576 MINEXTENTS 1 MAXEXTENTS 2147483645
  PCTINCREASE 0 FREELISTS 1 FREELIST GROUPS 1
  BUFFER_POOL DEFAULT FLASH_CACHE DEFAULT CELL_FLASH_CACHE DEFAULT)
  TABLESPACE "USERS" ;


-- LOKAKARYA8.HISTORY_TELKOM foreign keys

ALTER TABLE "LOKAKARYA8"."HISTORY_TELKOM" ADD CONSTRAINT "FK_MASTER_PELANGGAN1" FOREIGN KEY ("ID_PELANGGAN")
	  REFERENCES "LOKAKARYA8"."MASTER_PELANGGAN" ("ID_PELANGGAN") ENABLE;
	 
--MASTER PELANGGAN DATA
	 INSERT INTO LOKAKARYA8.MASTER_PELANGGAN
(ID_PELANGGAN, NAMA, NO_TELP, ALAMAT, USER_ID)
VALUES(84, 'Shabila Larasati A.', 86660481625, 'Kp Siliwangi 9 Mlati Blora', 54);
INSERT INTO LOKAKARYA8.MASTER_PELANGGAN
(ID_PELANGGAN, NAMA, NO_TELP, ALAMAT, USER_ID)
VALUES(141, 'Rifa Dian Eka Farah', 81440001701, 'Pondokrejo, Magelang', 2);
INSERT INTO LOKAKARYA8.MASTER_PELANGGAN
(ID_PELANGGAN, NAMA, NO_TELP, ALAMAT, USER_ID)
VALUES(1, 'Hilman Syihan', 81770013608, 'Lumbungrejo, Cilacap', 5);
INSERT INTO LOKAKARYA8.MASTER_PELANGGAN
(ID_PELANGGAN, NAMA, NO_TELP, ALAMAT, USER_ID)
VALUES(2, 'Ilham Yurestira', 81880021609, 'Maguwoharjo, Cilacap', 6);
INSERT INTO LOKAKARYA8.MASTER_PELANGGAN
(ID_PELANGGAN, NAMA, NO_TELP, ALAMAT, USER_ID)
VALUES(3, 'Rizki Aulia Sari', 81990032256, 'Kp Mega No. 4 Tempel Cilacap', 7);
INSERT INTO LOKAKARYA8.MASTER_PELANGGAN
(ID_PELANGGAN, NAMA, NO_TELP, ALAMAT, USER_ID)
VALUES(4, 'Lilis Kurniasari', 820100045927, 'Dusun Medan No. 4 Turi Cilacap', 8);
INSERT INTO LOKAKARYA8.MASTER_PELANGGAN
(ID_PELANGGAN, NAMA, NO_TELP, ALAMAT, USER_ID)
VALUES(5, 'Dian Rahmawati', 82110063000, 'Kampung Raya No. 4 Medari Cilacap', 9);
INSERT INTO LOKAKARYA8.MASTER_PELANGGAN
(ID_PELANGGAN, NAMA, NO_TELP, ALAMAT, USER_ID)
VALUES(6, 'Mohammad Jafar Shodiq', 82220083853, 'Jl Ratu No. 5 Minggir Cilacap', 10);
INSERT INTO LOKAKARYA8.MASTER_PELANGGAN
(ID_PELANGGAN, NAMA, NO_TELP, ALAMAT, USER_ID)
VALUES(7, 'Dian Riani', 82330108864, 'Kp Raja No. 5 Seyegan Cilacap', 11);
INSERT INTO LOKAKARYA8.MASTER_PELANGGAN
(ID_PELANGGAN, NAMA, NO_TELP, ALAMAT, USER_ID)
VALUES(8, 'Shafira Kemala Salsabila', 82440138411, 'Mamam No. 5 Pakem Yogyakarta', 12);
INSERT INTO LOKAKARYA8.MASTER_PELANGGAN
(ID_PELANGGAN, NAMA, NO_TELP, ALAMAT, USER_ID)
VALUES(9, 'M. Ridho Ilyasa', 82550172872, 'Tunggak 1 Kaliurang Yogyakarta', 13);
INSERT INTO LOKAKARYA8.MASTER_PELANGGAN
(ID_PELANGGAN, NAMA, NO_TELP, ALAMAT, USER_ID)
VALUES(10, 'M. Riza Ramadhan Oding', 82660212625, 'Jl Catur 1 Godean Yogyakarta', 14);
INSERT INTO LOKAKARYA8.MASTER_PELANGGAN
(ID_PELANGGAN, NAMA, NO_TELP, ALAMAT, USER_ID)
VALUES(11, 'Alexander', 82770258048, 'Kp Kuda 1 Depok Yogyakarta', 15);
INSERT INTO LOKAKARYA8.MASTER_PELANGGAN
(ID_PELANGGAN, NAMA, NO_TELP, ALAMAT, USER_ID)
VALUES(12, 'Ilham Kurniawan', 82880309519, 'Serigala 2 Caturtunggal Yogyakarta', 16);
INSERT INTO LOKAKARYA8.MASTER_PELANGGAN
(ID_PELANGGAN, NAMA, NO_TELP, ALAMAT, USER_ID)
VALUES(13, 'Juan Cornela', 82990367416, 'Macan 2 Karanganyar Yogyakarta', 17);
INSERT INTO LOKAKARYA8.MASTER_PELANGGAN
(ID_PELANGGAN, NAMA, NO_TELP, ALAMAT, USER_ID)
VALUES(14, 'Aceng Sudirman', 830100432117, 'Jl Kapitan 2 Kroya Yogyakarta', 18);
INSERT INTO LOKAKARYA8.MASTER_PELANGGAN
(ID_PELANGGAN, NAMA, NO_TELP, ALAMAT, USER_ID)
VALUES(15, 'Larasati Aprilia Shabila', 83110504000, 'Kp Iman 3 Cangkringan Surabaya', 19);
INSERT INTO LOKAKARYA8.MASTER_PELANGGAN
(ID_PELANGGAN, NAMA, NO_TELP, ALAMAT, USER_ID)
VALUES(16, 'Radenajeng Mega Radenayu', 83220583443, 'Dusun Bonjol 3 Kalasan Surabaya', 20);
INSERT INTO LOKAKARYA8.MASTER_PELANGGAN
(ID_PELANGGAN, NAMA, NO_TELP, ALAMAT, USER_ID)
VALUES(17, 'Alief Andika Rama', 83330670824, 'Merdeka 3 Prambanan Surabaya', 21);
INSERT INTO LOKAKARYA8.MASTER_PELANGGAN
(ID_PELANGGAN, NAMA, NO_TELP, ALAMAT, USER_ID)
VALUES(18, 'Love Mai S', 83440766521, 'Jl Kemerdekaan 4 Berbah Surabaya', 22);
INSERT INTO LOKAKARYA8.MASTER_PELANGGAN
(ID_PELANGGAN, NAMA, NO_TELP, ALAMAT, USER_ID)
VALUES(19, 'Ika Shakila Radenayu', 83550870912, 'Soedirman 4 Ngaglik Surabaya', 23);
INSERT INTO LOKAKARYA8.MASTER_PELANGGAN
(ID_PELANGGAN, NAMA, NO_TELP, ALAMAT, USER_ID)
VALUES(20, 'Shabila Cynthia Rem', 83660984375, 'Siliwangi 4 Moyudan Surabaya', 24);
INSERT INTO LOKAKARYA8.MASTER_PELANGGAN
(ID_PELANGGAN, NAMA, NO_TELP, ALAMAT, USER_ID)
VALUES(21, 'Ibrahim Fikri P', 83771107288, 'Pelabuhan 5 Saka Surabaya', 25);
INSERT INTO LOKAKARYA8.MASTER_PELANGGAN
(ID_PELANGGAN, NAMA, NO_TELP, ALAMAT, USER_ID)
VALUES(22, 'Radenajeng S Kartika', 83881240029, 'Jl Republik 5 Soka Malang', 26);
INSERT INTO LOKAKARYA8.MASTER_PELANGGAN
(ID_PELANGGAN, NAMA, NO_TELP, ALAMAT, USER_ID)
VALUES(23, 'Meyka Jess Renanta', 83991382976, 'Kp Tempel 5 Wandiri Malang', 27);
INSERT INTO LOKAKARYA8.MASTER_PELANGGAN
(ID_PELANGGAN, NAMA, NO_TELP, ALAMAT, USER_ID)
VALUES(24, 'Love Nisa Y', 840101536507, 'Sleman 6 Tanah Abang Malang', 28);
INSERT INTO LOKAKARYA8.MASTER_PELANGGAN
(ID_PELANGGAN, NAMA, NO_TELP, ALAMAT, USER_ID)
VALUES(25, 'Moh Syaiful Saka', 84111701000, 'Baru 6 Banyuwangi Malang', 29);
INSERT INTO LOKAKARYA8.MASTER_PELANGGAN
(ID_PELANGGAN, NAMA, NO_TELP, ALAMAT, USER_ID)
VALUES(26, 'Shabila Sarada Rere', 84221876833, 'Jl Soedirman 6 Malu Malang', 30);
INSERT INTO LOKAKARYA8.MASTER_PELANGGAN
(ID_PELANGGAN, NAMA, NO_TELP, ALAMAT, USER_ID)
VALUES(27, 'Larasati Rem Rere', 84332064384, 'Kp Medan 7 Maos Malang', 31);
INSERT INTO LOKAKARYA8.MASTER_PELANGGAN
(ID_PELANGGAN, NAMA, NO_TELP, ALAMAT, USER_ID)
VALUES(28, 'Radenajeng Jessica Atika', 84442264031, 'Perjuangan 7 Sumpiuh Malang', 32);
INSERT INTO LOKAKARYA8.MASTER_PELANGGAN
(ID_PELANGGAN, NAMA, NO_TELP, ALAMAT, USER_ID)
VALUES(29, 'Alief Ganesha Prasetya', 84552476152, 'Terusan 7 Prembun Jakarta', 33);
INSERT INTO LOKAKARYA8.MASTER_PELANGGAN
(ID_PELANGGAN, NAMA, NO_TELP, ALAMAT, USER_ID)
VALUES(30, 'Love Cinta Rere', 84662701125, 'Jl Jenderal 8 Kutowinangun Jakarta', 34);
INSERT INTO LOKAKARYA8.MASTER_PELANGGAN
(ID_PELANGGAN, NAMA, NO_TELP, ALAMAT, USER_ID)
VALUES(31, 'Ika Juni May', 84772939328, 'Kp Gatot 8 Tritih Jakarta', 35);
INSERT INTO LOKAKARYA8.MASTER_PELANGGAN
(ID_PELANGGAN, NAMA, NO_TELP, ALAMAT, USER_ID)
VALUES(32, 'Shabila Radenajeng Jessica', 84883191139, 'Dusun Subroto 8 Salam Jakarta', 36);
INSERT INTO LOKAKARYA8.MASTER_PELANGGAN
(ID_PELANGGAN, NAMA, NO_TELP, ALAMAT, USER_ID)
VALUES(33, 'Ibrahim M Baim', 84993456936, 'Kampung Hatta 9 Molodono Jakarta', 37);
INSERT INTO LOKAKARYA8.MASTER_PELANGGAN
(ID_PELANGGAN, NAMA, NO_TELP, ALAMAT, USER_ID)
VALUES(34, 'Radenajeng Kila May', 850103737097, 'Jl Mega 9 Mangkudranan Jakarta', 38);
INSERT INTO LOKAKARYA8.MASTER_PELANGGAN
(ID_PELANGGAN, NAMA, NO_TELP, ALAMAT, USER_ID)
VALUES(35, 'Meyka Laras Jessica', 85114032000, 'Kp Agung 9 Sumberejo Jakarta', 39);
INSERT INTO LOKAKARYA8.MASTER_PELANGGAN
(ID_PELANGGAN, NAMA, NO_TELP, ALAMAT, USER_ID)
VALUES(36, 'Love Ajeng H', 85224342023, 'Raya 10 Pondokrejo Bandung', 40);
INSERT INTO LOKAKARYA8.MASTER_PELANGGAN
(ID_PELANGGAN, NAMA, NO_TELP, ALAMAT, USER_ID)
VALUES(37, 'Moh Reno Kharisma', 85334667544, 'Pangeran 10 Banyurejo Bandung', 41);
INSERT INTO LOKAKARYA8.MASTER_PELANGGAN
(ID_PELANGGAN, NAMA, NO_TELP, ALAMAT, USER_ID)
VALUES(38, 'Shabila Rere Icha', 85445008941, 'Jl Raja 10 Mororejo Bandung', 42);
INSERT INTO LOKAKARYA8.MASTER_PELANGGAN
(ID_PELANGGAN, NAMA, NO_TELP, ALAMAT, USER_ID)
VALUES(39, 'Larasati Annisa H', 85555366592, 'Tambakrejo, Bandung', 43);
INSERT INTO LOKAKARYA8.MASTER_PELANGGAN
(ID_PELANGGAN, NAMA, NO_TELP, ALAMAT, USER_ID)
VALUES(40, 'Radenajeng Ren Mai', 85665740875, 'Maguwoharjo Bandung', 44);
INSERT INTO LOKAKARYA8.MASTER_PELANGGAN
(ID_PELANGGAN, NAMA, NO_TELP, ALAMAT, USER_ID)
VALUES(41, 'Alief Arji Setya', 85776132168, 'Kp Zebra X Tempel Bandung', 45);
INSERT INTO LOKAKARYA8.MASTER_PELANGGAN
(ID_PELANGGAN, NAMA, NO_TELP, ALAMAT, USER_ID)
VALUES(42, 'Love Love K', 85886540849, 'Dusun Kuda XI Turi Bandung', 46);
INSERT INTO LOKAKARYA8.MASTER_PELANGGAN
(ID_PELANGGAN, NAMA, NO_TELP, ALAMAT, USER_ID)
VALUES(43, 'Ika Rere Putri', 85996967296, 'Maung XI Sleman Tasikmalaya', 47);
INSERT INTO LOKAKARYA8.MASTER_PELANGGAN
(ID_PELANGGAN, NAMA, NO_TELP, ALAMAT, USER_ID)
VALUES(44, 'Shabila Elnish Elnish', 860107411887, 'Jl Macan XI Medari Tasikmalaya', 48);
INSERT INTO LOKAKARYA8.MASTER_PELANGGAN
(ID_PELANGGAN, NAMA, NO_TELP, ALAMAT, USER_ID)
VALUES(45, 'Ibrahim Agus K', 86117875000, 'Seyegan Tasikmalaya', 49);
INSERT INTO LOKAKARYA8.MASTER_PELANGGAN
(ID_PELANGGAN, NAMA, NO_TELP, ALAMAT, USER_ID)
VALUES(46, 'Radenajeng Mei Kila', 86228357013, 'Dusun Iman I Pakem Tasikmalaya', 50);
INSERT INTO LOKAKARYA8.MASTER_PELANGGAN
(ID_PELANGGAN, NAMA, NO_TELP, ALAMAT, USER_ID)
VALUES(47, 'Meyka Esti Ananda', 86338858304, 'Prambanan Blora', 51);
INSERT INTO LOKAKARYA8.MASTER_PELANGGAN
(ID_PELANGGAN, NAMA, NO_TELP, ALAMAT, USER_ID)
VALUES(48, 'Love Atika Annisa', 86449379251, 'Berbah Blora', 52);
INSERT INTO LOKAKARYA8.MASTER_PELANGGAN
(ID_PELANGGAN, NAMA, NO_TELP, ALAMAT, USER_ID)
VALUES(49, 'Moh Budi Agung', 86559920232, 'Hatta 9 Ngaglik Blora', 53);

--TRANSAKSI TELKOM DATA
INSERT INTO LOKAKARYA8.TRANSAKSI_TELKOM
(ID_TRANSAKSI, ID_PELANGGAN, BULAN_TAGIHAN, TAHUN_TAGIHAN, UANG, STATUS)
VALUES(37, 47, 6, 2023, 50000, 2);
INSERT INTO LOKAKARYA8.TRANSAKSI_TELKOM
(ID_TRANSAKSI, ID_PELANGGAN, BULAN_TAGIHAN, TAHUN_TAGIHAN, UANG, STATUS)
VALUES(136, 42, 1, 2022, 200000, 2);
INSERT INTO LOKAKARYA8.TRANSAKSI_TELKOM
(ID_TRANSAKSI, ID_PELANGGAN, BULAN_TAGIHAN, TAHUN_TAGIHAN, UANG, STATUS)
VALUES(48, 84, 2, 2023, 150000, 1);
INSERT INTO LOKAKARYA8.TRANSAKSI_TELKOM
(ID_TRANSAKSI, ID_PELANGGAN, BULAN_TAGIHAN, TAHUN_TAGIHAN, UANG, STATUS)
VALUES(63, 44, 4, 2023, 230000, 2);
INSERT INTO LOKAKARYA8.TRANSAKSI_TELKOM
(ID_TRANSAKSI, ID_PELANGGAN, BULAN_TAGIHAN, TAHUN_TAGIHAN, UANG, STATUS)
VALUES(95, 27, 11, 2022, 33333, 2);
INSERT INTO LOKAKARYA8.TRANSAKSI_TELKOM
(ID_TRANSAKSI, ID_PELANGGAN, BULAN_TAGIHAN, TAHUN_TAGIHAN, UANG, STATUS)
VALUES(74, 37, 1, 2023, 550000, 1);
INSERT INTO LOKAKARYA8.TRANSAKSI_TELKOM
(ID_TRANSAKSI, ID_PELANGGAN, BULAN_TAGIHAN, TAHUN_TAGIHAN, UANG, STATUS)
VALUES(77, 34, 1, 2023, 250000, 2);
INSERT INTO LOKAKARYA8.TRANSAKSI_TELKOM
(ID_TRANSAKSI, ID_PELANGGAN, BULAN_TAGIHAN, TAHUN_TAGIHAN, UANG, STATUS)
VALUES(85, 26, 1, 2023, 400000, 1);
INSERT INTO LOKAKARYA8.TRANSAKSI_TELKOM
(ID_TRANSAKSI, ID_PELANGGAN, BULAN_TAGIHAN, TAHUN_TAGIHAN, UANG, STATUS)
VALUES(38, 1, 4, 2023, 300000, 1);
INSERT INTO LOKAKARYA8.TRANSAKSI_TELKOM
(ID_TRANSAKSI, ID_PELANGGAN, BULAN_TAGIHAN, TAHUN_TAGIHAN, UANG, STATUS)
VALUES(39, 2, 5, 2023, 100000, 2);
INSERT INTO LOKAKARYA8.TRANSAKSI_TELKOM
(ID_TRANSAKSI, ID_PELANGGAN, BULAN_TAGIHAN, TAHUN_TAGIHAN, UANG, STATUS)
VALUES(40, 3, 6, 2023, 50000, 2);
INSERT INTO LOKAKARYA8.TRANSAKSI_TELKOM
(ID_TRANSAKSI, ID_PELANGGAN, BULAN_TAGIHAN, TAHUN_TAGIHAN, UANG, STATUS)
VALUES(41, 4, 1, 2023, 400000, 2);
INSERT INTO LOKAKARYA8.TRANSAKSI_TELKOM
(ID_TRANSAKSI, ID_PELANGGAN, BULAN_TAGIHAN, TAHUN_TAGIHAN, UANG, STATUS)
VALUES(42, 5, 9, 2023, 800000, 2);
INSERT INTO LOKAKARYA8.TRANSAKSI_TELKOM
(ID_TRANSAKSI, ID_PELANGGAN, BULAN_TAGIHAN, TAHUN_TAGIHAN, UANG, STATUS)
VALUES(43, 6, 6, 2023, 30000, 1);
INSERT INTO LOKAKARYA8.TRANSAKSI_TELKOM
(ID_TRANSAKSI, ID_PELANGGAN, BULAN_TAGIHAN, TAHUN_TAGIHAN, UANG, STATUS)
VALUES(44, 7, 5, 2023, 300000, 1);
INSERT INTO LOKAKARYA8.TRANSAKSI_TELKOM
(ID_TRANSAKSI, ID_PELANGGAN, BULAN_TAGIHAN, TAHUN_TAGIHAN, UANG, STATUS)
VALUES(45, 8, 5, 2023, 300000, 2);
INSERT INTO LOKAKARYA8.TRANSAKSI_TELKOM
(ID_TRANSAKSI, ID_PELANGGAN, BULAN_TAGIHAN, TAHUN_TAGIHAN, UANG, STATUS)
VALUES(55, 8, 12, 2022, 300000, 2);
INSERT INTO LOKAKARYA8.TRANSAKSI_TELKOM
(ID_TRANSAKSI, ID_PELANGGAN, BULAN_TAGIHAN, TAHUN_TAGIHAN, UANG, STATUS)
VALUES(56, 13, 1, 2023, 300000, 2);
INSERT INTO LOKAKARYA8.TRANSAKSI_TELKOM
(ID_TRANSAKSI, ID_PELANGGAN, BULAN_TAGIHAN, TAHUN_TAGIHAN, UANG, STATUS)
VALUES(65, 43, 5, 2022, 230000, 1);
INSERT INTO LOKAKARYA8.TRANSAKSI_TELKOM
(ID_TRANSAKSI, ID_PELANGGAN, BULAN_TAGIHAN, TAHUN_TAGIHAN, UANG, STATUS)
VALUES(66, 42, 4, 2022, 150000, 2);
INSERT INTO LOKAKARYA8.TRANSAKSI_TELKOM
(ID_TRANSAKSI, ID_PELANGGAN, BULAN_TAGIHAN, TAHUN_TAGIHAN, UANG, STATUS)
VALUES(51, 2, 8, 2023, 300000, 1);
INSERT INTO LOKAKARYA8.TRANSAKSI_TELKOM
(ID_TRANSAKSI, ID_PELANGGAN, BULAN_TAGIHAN, TAHUN_TAGIHAN, UANG, STATUS)
VALUES(53, 11, 10, 2022, 300000, 1);
INSERT INTO LOKAKARYA8.TRANSAKSI_TELKOM
(ID_TRANSAKSI, ID_PELANGGAN, BULAN_TAGIHAN, TAHUN_TAGIHAN, UANG, STATUS)
VALUES(134, 141, 2, 2022, 20000, 2);
INSERT INTO LOKAKARYA8.TRANSAKSI_TELKOM
(ID_TRANSAKSI, ID_PELANGGAN, BULAN_TAGIHAN, TAHUN_TAGIHAN, UANG, STATUS)
VALUES(49, 1, 6, 2023, 300000, 1);
INSERT INTO LOKAKARYA8.TRANSAKSI_TELKOM
(ID_TRANSAKSI, ID_PELANGGAN, BULAN_TAGIHAN, TAHUN_TAGIHAN, UANG, STATUS)
VALUES(50, 49, 2, 2023, 500000, 2);
INSERT INTO LOKAKARYA8.TRANSAKSI_TELKOM
(ID_TRANSAKSI, ID_PELANGGAN, BULAN_TAGIHAN, TAHUN_TAGIHAN, UANG, STATUS)
VALUES(61, 46, 4, 2023, 300000, 1);
INSERT INTO LOKAKARYA8.TRANSAKSI_TELKOM
(ID_TRANSAKSI, ID_PELANGGAN, BULAN_TAGIHAN, TAHUN_TAGIHAN, UANG, STATUS)
VALUES(79, 32, 10, 2023, 230000, 1);
INSERT INTO LOKAKARYA8.TRANSAKSI_TELKOM
(ID_TRANSAKSI, ID_PELANGGAN, BULAN_TAGIHAN, TAHUN_TAGIHAN, UANG, STATUS)
VALUES(75, 36, 1, 2022, 300000, 1);
INSERT INTO LOKAKARYA8.TRANSAKSI_TELKOM
(ID_TRANSAKSI, ID_PELANGGAN, BULAN_TAGIHAN, TAHUN_TAGIHAN, UANG, STATUS)
VALUES(80, 31, 5, 2022, 300000, 1);
INSERT INTO LOKAKARYA8.TRANSAKSI_TELKOM
(ID_TRANSAKSI, ID_PELANGGAN, BULAN_TAGIHAN, TAHUN_TAGIHAN, UANG, STATUS)
VALUES(81, 30, 5, 2022, 200000, 1);
INSERT INTO LOKAKARYA8.TRANSAKSI_TELKOM
(ID_TRANSAKSI, ID_PELANGGAN, BULAN_TAGIHAN, TAHUN_TAGIHAN, UANG, STATUS)
VALUES(82, 29, 11, 2022, 500000, 1);
INSERT INTO LOKAKARYA8.TRANSAKSI_TELKOM
(ID_TRANSAKSI, ID_PELANGGAN, BULAN_TAGIHAN, TAHUN_TAGIHAN, UANG, STATUS)
VALUES(86, 25, 2, 2022, 150000, 1);
INSERT INTO LOKAKARYA8.TRANSAKSI_TELKOM
(ID_TRANSAKSI, ID_PELANGGAN, BULAN_TAGIHAN, TAHUN_TAGIHAN, UANG, STATUS)
VALUES(88, 22, 1, 2023, 150000, 2);
INSERT INTO LOKAKARYA8.TRANSAKSI_TELKOM
(ID_TRANSAKSI, ID_PELANGGAN, BULAN_TAGIHAN, TAHUN_TAGIHAN, UANG, STATUS)
VALUES(132, 1, 2, 2022, 20000, 1);
INSERT INTO LOKAKARYA8.TRANSAKSI_TELKOM
(ID_TRANSAKSI, ID_PELANGGAN, BULAN_TAGIHAN, TAHUN_TAGIHAN, UANG, STATUS)
VALUES(93, 13, 2, 2022, 200000, 2);
INSERT INTO LOKAKARYA8.TRANSAKSI_TELKOM
(ID_TRANSAKSI, ID_PELANGGAN, BULAN_TAGIHAN, TAHUN_TAGIHAN, UANG, STATUS)
VALUES(135, 141, 1, 2023, 200000, 2);
INSERT INTO LOKAKARYA8.TRANSAKSI_TELKOM
(ID_TRANSAKSI, ID_PELANGGAN, BULAN_TAGIHAN, TAHUN_TAGIHAN, UANG, STATUS)
VALUES(67, 41, 1, 2023, 170000, 1);
INSERT INTO LOKAKARYA8.TRANSAKSI_TELKOM
(ID_TRANSAKSI, ID_PELANGGAN, BULAN_TAGIHAN, TAHUN_TAGIHAN, UANG, STATUS)
VALUES(59, 48, 4, 2023, 300000, 1);
INSERT INTO LOKAKARYA8.TRANSAKSI_TELKOM
(ID_TRANSAKSI, ID_PELANGGAN, BULAN_TAGIHAN, TAHUN_TAGIHAN, UANG, STATUS)
VALUES(62, 45, 4, 2023, 250000, 2);
INSERT INTO LOKAKARYA8.TRANSAKSI_TELKOM
(ID_TRANSAKSI, ID_PELANGGAN, BULAN_TAGIHAN, TAHUN_TAGIHAN, UANG, STATUS)
VALUES(87, 24, 6, 2022, 200000, 1);
INSERT INTO LOKAKARYA8.TRANSAKSI_TELKOM
(ID_TRANSAKSI, ID_PELANGGAN, BULAN_TAGIHAN, TAHUN_TAGIHAN, UANG, STATUS)
VALUES(69, 40, 3, 2022, 150000, 1);
INSERT INTO LOKAKARYA8.TRANSAKSI_TELKOM
(ID_TRANSAKSI, ID_PELANGGAN, BULAN_TAGIHAN, TAHUN_TAGIHAN, UANG, STATUS)
VALUES(70, 39, 1, 2023, 230000, 1);
INSERT INTO LOKAKARYA8.TRANSAKSI_TELKOM
(ID_TRANSAKSI, ID_PELANGGAN, BULAN_TAGIHAN, TAHUN_TAGIHAN, UANG, STATUS)
VALUES(71, 38, 1, 2022, 170000, 1);
INSERT INTO LOKAKARYA8.TRANSAKSI_TELKOM
(ID_TRANSAKSI, ID_PELANGGAN, BULAN_TAGIHAN, TAHUN_TAGIHAN, UANG, STATUS)
VALUES(83, 28, 11, 2022, 460000, 2);
INSERT INTO LOKAKARYA8.TRANSAKSI_TELKOM
(ID_TRANSAKSI, ID_PELANGGAN, BULAN_TAGIHAN, TAHUN_TAGIHAN, UANG, STATUS)
VALUES(76, 35, 4, 2022, 450000, 1);
INSERT INTO LOKAKARYA8.TRANSAKSI_TELKOM
(ID_TRANSAKSI, ID_PELANGGAN, BULAN_TAGIHAN, TAHUN_TAGIHAN, UANG, STATUS)
VALUES(78, 33, 3, 2022, 150000, 1);

--HISTORY TELKOM DATA
INSERT INTO LOKAKARYA8.HISTORY_TELKOM
(ID_HISTORY, ID_PELANGGAN, TANGGAL_BAYAR, BULAN_TAGIHAN, TAHUN_TAGIHAN, UANG)
VALUES(96, 4, TIMESTAMP '2023-01-09 10:42:43.000000', 1, 2023, 400000);
INSERT INTO LOKAKARYA8.HISTORY_TELKOM
(ID_HISTORY, ID_PELANGGAN, TANGGAL_BAYAR, BULAN_TAGIHAN, TAHUN_TAGIHAN, UANG)
VALUES(81, 47, TIMESTAMP '2023-01-06 10:38:34.000000', 6, 2023, 50000);
INSERT INTO LOKAKARYA8.HISTORY_TELKOM
(ID_HISTORY, ID_PELANGGAN, TANGGAL_BAYAR, BULAN_TAGIHAN, TAHUN_TAGIHAN, UANG)
VALUES(82, 47, TIMESTAMP '2023-01-06 10:42:02.000000', 6, 2023, 50000);
INSERT INTO LOKAKARYA8.HISTORY_TELKOM
(ID_HISTORY, ID_PELANGGAN, TANGGAL_BAYAR, BULAN_TAGIHAN, TAHUN_TAGIHAN, UANG)
VALUES(94, 44, TIMESTAMP '2023-01-09 10:40:12.000000', 4, 2023, 230000);
INSERT INTO LOKAKARYA8.HISTORY_TELKOM
(ID_HISTORY, ID_PELANGGAN, TANGGAL_BAYAR, BULAN_TAGIHAN, TAHUN_TAGIHAN, UANG)
VALUES(95, 5, TIMESTAMP '2023-01-09 10:42:22.000000', 9, 2023, 800000);
INSERT INTO LOKAKARYA8.HISTORY_TELKOM
(ID_HISTORY, ID_PELANGGAN, TANGGAL_BAYAR, BULAN_TAGIHAN, TAHUN_TAGIHAN, UANG)
VALUES(97, 28, TIMESTAMP '2023-01-09 10:43:01.000000', 11, 2022, 460000);
INSERT INTO LOKAKARYA8.HISTORY_TELKOM
(ID_HISTORY, ID_PELANGGAN, TANGGAL_BAYAR, BULAN_TAGIHAN, TAHUN_TAGIHAN, UANG)
VALUES(99, 26, TIMESTAMP '2023-01-09 14:25:58.000000', 1, 2023, 400000);
INSERT INTO LOKAKARYA8.HISTORY_TELKOM
(ID_HISTORY, ID_PELANGGAN, TANGGAL_BAYAR, BULAN_TAGIHAN, TAHUN_TAGIHAN, UANG)
VALUES(100, 26, TIMESTAMP '2023-01-09 14:25:58.000000', 12, 2022, 50000);
INSERT INTO LOKAKARYA8.HISTORY_TELKOM
(ID_HISTORY, ID_PELANGGAN, TANGGAL_BAYAR, BULAN_TAGIHAN, TAHUN_TAGIHAN, UANG)
VALUES(113, 8, TIMESTAMP '2023-01-10 11:15:58.000000', 5, 2023, 300000);
INSERT INTO LOKAKARYA8.HISTORY_TELKOM
(ID_HISTORY, ID_PELANGGAN, TANGGAL_BAYAR, BULAN_TAGIHAN, TAHUN_TAGIHAN, UANG)
VALUES(116, 8, TIMESTAMP '2023-01-10 11:52:55.000000', 5, 2023, 300000);
INSERT INTO LOKAKARYA8.HISTORY_TELKOM
(ID_HISTORY, ID_PELANGGAN, TANGGAL_BAYAR, BULAN_TAGIHAN, TAHUN_TAGIHAN, UANG)
VALUES(153, 8, TIMESTAMP '2023-01-13 04:05:08.000000', 5, 2023, 300000);
INSERT INTO LOKAKARYA8.HISTORY_TELKOM
(ID_HISTORY, ID_PELANGGAN, TANGGAL_BAYAR, BULAN_TAGIHAN, TAHUN_TAGIHAN, UANG)
VALUES(137, 8, TIMESTAMP '2023-01-12 07:19:40.000000', 5, 2023, 300000);
INSERT INTO LOKAKARYA8.HISTORY_TELKOM
(ID_HISTORY, ID_PELANGGAN, TANGGAL_BAYAR, BULAN_TAGIHAN, TAHUN_TAGIHAN, UANG)
VALUES(91, 8, TIMESTAMP '2023-01-08 22:47:03.000000', 5, 2023, 300000);
INSERT INTO LOKAKARYA8.HISTORY_TELKOM
(ID_HISTORY, ID_PELANGGAN, TANGGAL_BAYAR, BULAN_TAGIHAN, TAHUN_TAGIHAN, UANG)
VALUES(103, 13, TIMESTAMP '2023-01-09 15:24:28.000000', 2, 2022, 200000);
INSERT INTO LOKAKARYA8.HISTORY_TELKOM
(ID_HISTORY, ID_PELANGGAN, TANGGAL_BAYAR, BULAN_TAGIHAN, TAHUN_TAGIHAN, UANG)
VALUES(141, 42, TIMESTAMP '2023-01-13 03:30:54.000000', 1, 2022, 200000);
INSERT INTO LOKAKARYA8.HISTORY_TELKOM
(ID_HISTORY, ID_PELANGGAN, TANGGAL_BAYAR, BULAN_TAGIHAN, TAHUN_TAGIHAN, UANG)
VALUES(142, 42, TIMESTAMP '2023-01-13 03:30:54.000000', 4, 2022, 150000);
INSERT INTO LOKAKARYA8.HISTORY_TELKOM
(ID_HISTORY, ID_PELANGGAN, TANGGAL_BAYAR, BULAN_TAGIHAN, TAHUN_TAGIHAN, UANG)
VALUES(147, 1, TIMESTAMP '2023-01-13 03:40:21.000000', 6, 2023, 300000);
INSERT INTO LOKAKARYA8.HISTORY_TELKOM
(ID_HISTORY, ID_PELANGGAN, TANGGAL_BAYAR, BULAN_TAGIHAN, TAHUN_TAGIHAN, UANG)
VALUES(148, 1, TIMESTAMP '2023-01-13 03:40:21.000000', 2, 2022, 20000);
INSERT INTO LOKAKARYA8.HISTORY_TELKOM
(ID_HISTORY, ID_PELANGGAN, TANGGAL_BAYAR, BULAN_TAGIHAN, TAHUN_TAGIHAN, UANG)
VALUES(155, 8, TIMESTAMP '2023-01-13 04:07:30.000000', 12, 2022, 300000);
INSERT INTO LOKAKARYA8.HISTORY_TELKOM
(ID_HISTORY, ID_PELANGGAN, TANGGAL_BAYAR, BULAN_TAGIHAN, TAHUN_TAGIHAN, UANG)
VALUES(158, 141, TIMESTAMP '2023-01-13 04:13:14.000000', 2, 2022, 20000);
INSERT INTO LOKAKARYA8.HISTORY_TELKOM
(ID_HISTORY, ID_PELANGGAN, TANGGAL_BAYAR, BULAN_TAGIHAN, TAHUN_TAGIHAN, UANG)
VALUES(174, 1, TIMESTAMP '2023-01-13 13:50:57.000000', 4, 2023, 300000);
INSERT INTO LOKAKARYA8.HISTORY_TELKOM
(ID_HISTORY, ID_PELANGGAN, TANGGAL_BAYAR, BULAN_TAGIHAN, TAHUN_TAGIHAN, UANG)
VALUES(175, 1, TIMESTAMP '2023-01-13 13:50:57.000000', 6, 2023, 300000);
INSERT INTO LOKAKARYA8.HISTORY_TELKOM
(ID_HISTORY, ID_PELANGGAN, TANGGAL_BAYAR, BULAN_TAGIHAN, TAHUN_TAGIHAN, UANG)
VALUES(176, 1, TIMESTAMP '2023-01-13 13:50:57.000000', 2, 2022, 20000);
INSERT INTO LOKAKARYA8.HISTORY_TELKOM
(ID_HISTORY, ID_PELANGGAN, TANGGAL_BAYAR, BULAN_TAGIHAN, TAHUN_TAGIHAN, UANG)
VALUES(177, 1, TIMESTAMP '2023-01-13 13:52:44.000000', 4, 2023, 300000);
INSERT INTO LOKAKARYA8.HISTORY_TELKOM
(ID_HISTORY, ID_PELANGGAN, TANGGAL_BAYAR, BULAN_TAGIHAN, TAHUN_TAGIHAN, UANG)
VALUES(178, 1, TIMESTAMP '2023-01-13 13:52:45.000000', 6, 2023, 300000);
INSERT INTO LOKAKARYA8.HISTORY_TELKOM
(ID_HISTORY, ID_PELANGGAN, TANGGAL_BAYAR, BULAN_TAGIHAN, TAHUN_TAGIHAN, UANG)
VALUES(179, 1, TIMESTAMP '2023-01-13 13:52:45.000000', 2, 2022, 20000);
INSERT INTO LOKAKARYA8.HISTORY_TELKOM
(ID_HISTORY, ID_PELANGGAN, TANGGAL_BAYAR, BULAN_TAGIHAN, TAHUN_TAGIHAN, UANG)
VALUES(180, 1, TIMESTAMP '2023-01-13 13:55:02.000000', 4, 2023, 300000);
INSERT INTO LOKAKARYA8.HISTORY_TELKOM
(ID_HISTORY, ID_PELANGGAN, TANGGAL_BAYAR, BULAN_TAGIHAN, TAHUN_TAGIHAN, UANG)
VALUES(181, 1, TIMESTAMP '2023-01-13 13:55:02.000000', 6, 2023, 300000);
INSERT INTO LOKAKARYA8.HISTORY_TELKOM
(ID_HISTORY, ID_PELANGGAN, TANGGAL_BAYAR, BULAN_TAGIHAN, TAHUN_TAGIHAN, UANG)
VALUES(182, 1, TIMESTAMP '2023-01-13 13:55:02.000000', 2, 2022, 20000);
INSERT INTO LOKAKARYA8.HISTORY_TELKOM
(ID_HISTORY, ID_PELANGGAN, TANGGAL_BAYAR, BULAN_TAGIHAN, TAHUN_TAGIHAN, UANG)
VALUES(183, 1, TIMESTAMP '2023-01-13 13:59:29.000000', 4, 2023, 300000);
INSERT INTO LOKAKARYA8.HISTORY_TELKOM
(ID_HISTORY, ID_PELANGGAN, TANGGAL_BAYAR, BULAN_TAGIHAN, TAHUN_TAGIHAN, UANG)
VALUES(184, 1, TIMESTAMP '2023-01-13 13:59:29.000000', 6, 2023, 300000);
INSERT INTO LOKAKARYA8.HISTORY_TELKOM
(ID_HISTORY, ID_PELANGGAN, TANGGAL_BAYAR, BULAN_TAGIHAN, TAHUN_TAGIHAN, UANG)
VALUES(185, 1, TIMESTAMP '2023-01-13 13:59:29.000000', 2, 2022, 20000);
INSERT INTO LOKAKARYA8.HISTORY_TELKOM
(ID_HISTORY, ID_PELANGGAN, TANGGAL_BAYAR, BULAN_TAGIHAN, TAHUN_TAGIHAN, UANG)
VALUES(194, 8, TIMESTAMP '2023-01-13 07:07:09.000000', 12, 2023, 300000);
INSERT INTO LOKAKARYA8.HISTORY_TELKOM
(ID_HISTORY, ID_PELANGGAN, TANGGAL_BAYAR, BULAN_TAGIHAN, TAHUN_TAGIHAN, UANG)
VALUES(199, 8, TIMESTAMP '2023-01-13 07:15:48.000000', 12, 2022, 300000);
INSERT INTO LOKAKARYA8.HISTORY_TELKOM
(ID_HISTORY, ID_PELANGGAN, TANGGAL_BAYAR, BULAN_TAGIHAN, TAHUN_TAGIHAN, UANG)
VALUES(204, 8, TIMESTAMP '2023-01-13 07:39:03.000000', 12, 2022, 300000);
INSERT INTO LOKAKARYA8.HISTORY_TELKOM
(ID_HISTORY, ID_PELANGGAN, TANGGAL_BAYAR, BULAN_TAGIHAN, TAHUN_TAGIHAN, UANG)
VALUES(205, 8, TIMESTAMP '2023-01-13 07:39:03.000000', 5, 2023, 300000);
INSERT INTO LOKAKARYA8.HISTORY_TELKOM
(ID_HISTORY, ID_PELANGGAN, TANGGAL_BAYAR, BULAN_TAGIHAN, TAHUN_TAGIHAN, UANG)
VALUES(98, 34, TIMESTAMP '2023-01-09 14:11:23.000000', 1, 2023, 250000);
INSERT INTO LOKAKARYA8.HISTORY_TELKOM
(ID_HISTORY, ID_PELANGGAN, TANGGAL_BAYAR, BULAN_TAGIHAN, TAHUN_TAGIHAN, UANG)
VALUES(101, 13, TIMESTAMP '2023-01-09 15:07:56.000000', 1, 2023, 300000);
INSERT INTO LOKAKARYA8.HISTORY_TELKOM
(ID_HISTORY, ID_PELANGGAN, TANGGAL_BAYAR, BULAN_TAGIHAN, TAHUN_TAGIHAN, UANG)
VALUES(86, 2, TIMESTAMP '2023-01-06 15:12:13.000000', 5, 2023, 100000);
INSERT INTO LOKAKARYA8.HISTORY_TELKOM
(ID_HISTORY, ID_PELANGGAN, TANGGAL_BAYAR, BULAN_TAGIHAN, TAHUN_TAGIHAN, UANG)
VALUES(87, 3, TIMESTAMP '2023-01-06 15:49:02.000000', 6, 2023, 500000);
INSERT INTO LOKAKARYA8.HISTORY_TELKOM
(ID_HISTORY, ID_PELANGGAN, TANGGAL_BAYAR, BULAN_TAGIHAN, TAHUN_TAGIHAN, UANG)
VALUES(102, 13, TIMESTAMP '2023-01-09 15:22:11.000000', 1, 2023, 300000);
INSERT INTO LOKAKARYA8.HISTORY_TELKOM
(ID_HISTORY, ID_PELANGGAN, TANGGAL_BAYAR, BULAN_TAGIHAN, TAHUN_TAGIHAN, UANG)
VALUES(117, 8, TIMESTAMP '2023-01-10 12:53:41.000000', 5, 2023, 300000);
INSERT INTO LOKAKARYA8.HISTORY_TELKOM
(ID_HISTORY, ID_PELANGGAN, TANGGAL_BAYAR, BULAN_TAGIHAN, TAHUN_TAGIHAN, UANG)
VALUES(118, 8, TIMESTAMP '2023-01-10 12:53:41.000000', 12, 2022, 300000);
INSERT INTO LOKAKARYA8.HISTORY_TELKOM
(ID_HISTORY, ID_PELANGGAN, TANGGAL_BAYAR, BULAN_TAGIHAN, TAHUN_TAGIHAN, UANG)
VALUES(119, 8, TIMESTAMP '2023-01-10 12:54:12.000000', 5, 2023, 300000);
INSERT INTO LOKAKARYA8.HISTORY_TELKOM
(ID_HISTORY, ID_PELANGGAN, TANGGAL_BAYAR, BULAN_TAGIHAN, TAHUN_TAGIHAN, UANG)
VALUES(120, 8, TIMESTAMP '2023-01-10 12:54:12.000000', 12, 2022, 300000);
INSERT INTO LOKAKARYA8.HISTORY_TELKOM
(ID_HISTORY, ID_PELANGGAN, TANGGAL_BAYAR, BULAN_TAGIHAN, TAHUN_TAGIHAN, UANG)
VALUES(123, 8, TIMESTAMP '2023-01-10 12:57:45.000000', 5, 2023, 300000);
INSERT INTO LOKAKARYA8.HISTORY_TELKOM
(ID_HISTORY, ID_PELANGGAN, TANGGAL_BAYAR, BULAN_TAGIHAN, TAHUN_TAGIHAN, UANG)
VALUES(124, 8, TIMESTAMP '2023-01-10 12:57:45.000000', 12, 2022, 300000);
INSERT INTO LOKAKARYA8.HISTORY_TELKOM
(ID_HISTORY, ID_PELANGGAN, TANGGAL_BAYAR, BULAN_TAGIHAN, TAHUN_TAGIHAN, UANG)
VALUES(125, 8, TIMESTAMP '2023-01-10 13:10:28.000000', 5, 2023, 300000);
INSERT INTO LOKAKARYA8.HISTORY_TELKOM
(ID_HISTORY, ID_PELANGGAN, TANGGAL_BAYAR, BULAN_TAGIHAN, TAHUN_TAGIHAN, UANG)
VALUES(126, 8, TIMESTAMP '2023-01-10 13:12:06.000000', 12, 2022, 300000);
INSERT INTO LOKAKARYA8.HISTORY_TELKOM
(ID_HISTORY, ID_PELANGGAN, TANGGAL_BAYAR, BULAN_TAGIHAN, TAHUN_TAGIHAN, UANG)
VALUES(128, 8, TIMESTAMP '2023-01-10 13:13:04.000000', 12, 2022, 300000);
INSERT INTO LOKAKARYA8.HISTORY_TELKOM
(ID_HISTORY, ID_PELANGGAN, TANGGAL_BAYAR, BULAN_TAGIHAN, TAHUN_TAGIHAN, UANG)
VALUES(149, 8, TIMESTAMP '2023-01-13 04:00:34.000000', 5, 2023, 300000);
INSERT INTO LOKAKARYA8.HISTORY_TELKOM
(ID_HISTORY, ID_PELANGGAN, TANGGAL_BAYAR, BULAN_TAGIHAN, TAHUN_TAGIHAN, UANG)
VALUES(150, 8, TIMESTAMP '2023-01-13 04:01:42.000000', 12, 2022, 300000);
INSERT INTO LOKAKARYA8.HISTORY_TELKOM
(ID_HISTORY, ID_PELANGGAN, TANGGAL_BAYAR, BULAN_TAGIHAN, TAHUN_TAGIHAN, UANG)
VALUES(151, 22, TIMESTAMP '2023-01-13 04:02:50.000000', 1, 2023, 150000);
INSERT INTO LOKAKARYA8.HISTORY_TELKOM
(ID_HISTORY, ID_PELANGGAN, TANGGAL_BAYAR, BULAN_TAGIHAN, TAHUN_TAGIHAN, UANG)
VALUES(152, 8, TIMESTAMP '2023-01-13 04:04:23.000000', 12, 2022, 300000);
INSERT INTO LOKAKARYA8.HISTORY_TELKOM
(ID_HISTORY, ID_PELANGGAN, TANGGAL_BAYAR, BULAN_TAGIHAN, TAHUN_TAGIHAN, UANG)
VALUES(156, 8, TIMESTAMP '2023-01-13 04:08:35.000000', 5, 2023, 300000);
INSERT INTO LOKAKARYA8.HISTORY_TELKOM
(ID_HISTORY, ID_PELANGGAN, TANGGAL_BAYAR, BULAN_TAGIHAN, TAHUN_TAGIHAN, UANG)
VALUES(157, 8, TIMESTAMP '2023-01-13 04:08:35.000000', 12, 2022, 300000);
INSERT INTO LOKAKARYA8.HISTORY_TELKOM
(ID_HISTORY, ID_PELANGGAN, TANGGAL_BAYAR, BULAN_TAGIHAN, TAHUN_TAGIHAN, UANG)
VALUES(160, 1, TIMESTAMP '2023-01-13 13:25:19.000000', 6, 2023, 300000);
INSERT INTO LOKAKARYA8.HISTORY_TELKOM
(ID_HISTORY, ID_PELANGGAN, TANGGAL_BAYAR, BULAN_TAGIHAN, TAHUN_TAGIHAN, UANG)
VALUES(161, 1, TIMESTAMP '2023-01-13 13:25:19.000000', 2, 2022, 20000);
INSERT INTO LOKAKARYA8.HISTORY_TELKOM
(ID_HISTORY, ID_PELANGGAN, TANGGAL_BAYAR, BULAN_TAGIHAN, TAHUN_TAGIHAN, UANG)
VALUES(171, 1, TIMESTAMP '2023-01-13 13:45:03.000000', 4, 2023, 300000);
INSERT INTO LOKAKARYA8.HISTORY_TELKOM
(ID_HISTORY, ID_PELANGGAN, TANGGAL_BAYAR, BULAN_TAGIHAN, TAHUN_TAGIHAN, UANG)
VALUES(172, 1, TIMESTAMP '2023-01-13 13:45:03.000000', 6, 2023, 300000);
INSERT INTO LOKAKARYA8.HISTORY_TELKOM
(ID_HISTORY, ID_PELANGGAN, TANGGAL_BAYAR, BULAN_TAGIHAN, TAHUN_TAGIHAN, UANG)
VALUES(173, 1, TIMESTAMP '2023-01-13 13:45:03.000000', 2, 2022, 20000);
INSERT INTO LOKAKARYA8.HISTORY_TELKOM
(ID_HISTORY, ID_PELANGGAN, TANGGAL_BAYAR, BULAN_TAGIHAN, TAHUN_TAGIHAN, UANG)
VALUES(189, 8, TIMESTAMP '2023-01-13 07:05:22.000000', 12, 2023, 300000);
INSERT INTO LOKAKARYA8.HISTORY_TELKOM
(ID_HISTORY, ID_PELANGGAN, TANGGAL_BAYAR, BULAN_TAGIHAN, TAHUN_TAGIHAN, UANG)
VALUES(190, 8, TIMESTAMP '2023-01-13 07:05:43.000000', 5, 2023, 300000);
INSERT INTO LOKAKARYA8.HISTORY_TELKOM
(ID_HISTORY, ID_PELANGGAN, TANGGAL_BAYAR, BULAN_TAGIHAN, TAHUN_TAGIHAN, UANG)
VALUES(195, 8, TIMESTAMP '2023-01-13 07:07:23.000000', 12, 2022, 300000);
INSERT INTO LOKAKARYA8.HISTORY_TELKOM
(ID_HISTORY, ID_PELANGGAN, TANGGAL_BAYAR, BULAN_TAGIHAN, TAHUN_TAGIHAN, UANG)
VALUES(196, 8, TIMESTAMP '2023-01-13 07:11:35.000000', 12, 2023, 300000);
INSERT INTO LOKAKARYA8.HISTORY_TELKOM
(ID_HISTORY, ID_PELANGGAN, TANGGAL_BAYAR, BULAN_TAGIHAN, TAHUN_TAGIHAN, UANG)
VALUES(197, 8, TIMESTAMP '2023-01-13 07:11:52.000000', 12, 2022, 300000);
INSERT INTO LOKAKARYA8.HISTORY_TELKOM
(ID_HISTORY, ID_PELANGGAN, TANGGAL_BAYAR, BULAN_TAGIHAN, TAHUN_TAGIHAN, UANG)
VALUES(198, 8, TIMESTAMP '2023-01-13 07:12:12.000000', 12, 2023, 300000);
INSERT INTO LOKAKARYA8.HISTORY_TELKOM
(ID_HISTORY, ID_PELANGGAN, TANGGAL_BAYAR, BULAN_TAGIHAN, TAHUN_TAGIHAN, UANG)
VALUES(92, 3, TIMESTAMP '2023-01-09 08:07:55.000000', 6, 2023, 50000);
INSERT INTO LOKAKARYA8.HISTORY_TELKOM
(ID_HISTORY, ID_PELANGGAN, TANGGAL_BAYAR, BULAN_TAGIHAN, TAHUN_TAGIHAN, UANG)
VALUES(93, 49, TIMESTAMP '2023-01-09 08:20:48.000000', 2, 2023, 500000);
INSERT INTO LOKAKARYA8.HISTORY_TELKOM
(ID_HISTORY, ID_PELANGGAN, TANGGAL_BAYAR, BULAN_TAGIHAN, TAHUN_TAGIHAN, UANG)
VALUES(121, 8, TIMESTAMP '2023-01-10 12:55:37.000000', 5, 2023, 300000);
INSERT INTO LOKAKARYA8.HISTORY_TELKOM
(ID_HISTORY, ID_PELANGGAN, TANGGAL_BAYAR, BULAN_TAGIHAN, TAHUN_TAGIHAN, UANG)
VALUES(122, 8, TIMESTAMP '2023-01-10 12:55:37.000000', 12, 2022, 300000);
INSERT INTO LOKAKARYA8.HISTORY_TELKOM
(ID_HISTORY, ID_PELANGGAN, TANGGAL_BAYAR, BULAN_TAGIHAN, TAHUN_TAGIHAN, UANG)
VALUES(127, 8, TIMESTAMP '2023-01-10 13:12:51.000000', 5, 2023, 300000);
INSERT INTO LOKAKARYA8.HISTORY_TELKOM
(ID_HISTORY, ID_PELANGGAN, TANGGAL_BAYAR, BULAN_TAGIHAN, TAHUN_TAGIHAN, UANG)
VALUES(136, 8, TIMESTAMP '2023-01-10 12:42:51.000000', 5, 2023, 300000);
INSERT INTO LOKAKARYA8.HISTORY_TELKOM
(ID_HISTORY, ID_PELANGGAN, TANGGAL_BAYAR, BULAN_TAGIHAN, TAHUN_TAGIHAN, UANG)
VALUES(140, 42, TIMESTAMP '2023-01-13 03:28:40.000000', 4, 2022, 150000);
INSERT INTO LOKAKARYA8.HISTORY_TELKOM
(ID_HISTORY, ID_PELANGGAN, TANGGAL_BAYAR, BULAN_TAGIHAN, TAHUN_TAGIHAN, UANG)
VALUES(159, 141, TIMESTAMP '2023-01-13 04:14:09.000000', 1, 2023, 200000);
INSERT INTO LOKAKARYA8.HISTORY_TELKOM
(ID_HISTORY, ID_PELANGGAN, TANGGAL_BAYAR, BULAN_TAGIHAN, TAHUN_TAGIHAN, UANG)
VALUES(193, 8, TIMESTAMP '2023-01-13 07:07:02.000000', 12, 2022, 300000);
INSERT INTO LOKAKARYA8.HISTORY_TELKOM
(ID_HISTORY, ID_PELANGGAN, TANGGAL_BAYAR, BULAN_TAGIHAN, TAHUN_TAGIHAN, UANG)
VALUES(206, 8, TIMESTAMP '2023-01-13 07:43:58.000000', 12, 2022, 400000);
INSERT INTO LOKAKARYA8.HISTORY_TELKOM
(ID_HISTORY, ID_PELANGGAN, TANGGAL_BAYAR, BULAN_TAGIHAN, TAHUN_TAGIHAN, UANG)
VALUES(207, 8, TIMESTAMP '2023-01-13 07:43:59.000000', 8, 2022, 400000);
INSERT INTO LOKAKARYA8.HISTORY_TELKOM
(ID_HISTORY, ID_PELANGGAN, TANGGAL_BAYAR, BULAN_TAGIHAN, TAHUN_TAGIHAN, UANG)
VALUES(89, 5, TIMESTAMP '2023-01-08 18:52:36.000000', 9, 2023, 800000);
INSERT INTO LOKAKARYA8.HISTORY_TELKOM
(ID_HISTORY, ID_PELANGGAN, TANGGAL_BAYAR, BULAN_TAGIHAN, TAHUN_TAGIHAN, UANG)
VALUES(90, 2, TIMESTAMP '2023-01-08 18:55:28.000000', 5, 2023, 100000);
INSERT INTO LOKAKARYA8.HISTORY_TELKOM
(ID_HISTORY, ID_PELANGGAN, TANGGAL_BAYAR, BULAN_TAGIHAN, TAHUN_TAGIHAN, UANG)
VALUES(88, 84, TIMESTAMP '2023-01-08 15:20:43.000000', 2, 2023, 150000);
INSERT INTO LOKAKARYA8.HISTORY_TELKOM
(ID_HISTORY, ID_PELANGGAN, TANGGAL_BAYAR, BULAN_TAGIHAN, TAHUN_TAGIHAN, UANG)
VALUES(104, 27, TIMESTAMP '2023-01-10 08:26:50.000000', 11, 2022, 33333);
INSERT INTO LOKAKARYA8.HISTORY_TELKOM
(ID_HISTORY, ID_PELANGGAN, TANGGAL_BAYAR, BULAN_TAGIHAN, TAHUN_TAGIHAN, UANG)
VALUES(105, 45, TIMESTAMP '2023-01-10 09:59:07.000000', 4, 2023, 250000);
INSERT INTO LOKAKARYA8.HISTORY_TELKOM
(ID_HISTORY, ID_PELANGGAN, TANGGAL_BAYAR, BULAN_TAGIHAN, TAHUN_TAGIHAN, UANG)
VALUES(106, 8, TIMESTAMP '2023-01-10 09:59:42.000000', 5, 2023, 300000);
INSERT INTO LOKAKARYA8.HISTORY_TELKOM
(ID_HISTORY, ID_PELANGGAN, TANGGAL_BAYAR, BULAN_TAGIHAN, TAHUN_TAGIHAN, UANG)
VALUES(107, 8, TIMESTAMP '2023-01-10 09:59:42.000000', 12, 2022, 300000);
INSERT INTO LOKAKARYA8.HISTORY_TELKOM
(ID_HISTORY, ID_PELANGGAN, TANGGAL_BAYAR, BULAN_TAGIHAN, TAHUN_TAGIHAN, UANG)
VALUES(108, 8, TIMESTAMP '2023-01-10 10:45:08.000000', 5, 2023, 300000);
INSERT INTO LOKAKARYA8.HISTORY_TELKOM
(ID_HISTORY, ID_PELANGGAN, TANGGAL_BAYAR, BULAN_TAGIHAN, TAHUN_TAGIHAN, UANG)
VALUES(109, 8, TIMESTAMP '2023-01-10 10:45:08.000000', 12, 2022, 300000);
INSERT INTO LOKAKARYA8.HISTORY_TELKOM
(ID_HISTORY, ID_PELANGGAN, TANGGAL_BAYAR, BULAN_TAGIHAN, TAHUN_TAGIHAN, UANG)
VALUES(129, 8, TIMESTAMP '2023-01-10 13:27:18.000000', 5, 2023, 300000);
INSERT INTO LOKAKARYA8.HISTORY_TELKOM
(ID_HISTORY, ID_PELANGGAN, TANGGAL_BAYAR, BULAN_TAGIHAN, TAHUN_TAGIHAN, UANG)
VALUES(130, 8, TIMESTAMP '2023-01-10 14:37:39.000000', 5, 2023, 300000);
INSERT INTO LOKAKARYA8.HISTORY_TELKOM
(ID_HISTORY, ID_PELANGGAN, TANGGAL_BAYAR, BULAN_TAGIHAN, TAHUN_TAGIHAN, UANG)
VALUES(131, 8, TIMESTAMP '2023-01-10 14:37:44.000000', 12, 2022, 300000);
INSERT INTO LOKAKARYA8.HISTORY_TELKOM
(ID_HISTORY, ID_PELANGGAN, TANGGAL_BAYAR, BULAN_TAGIHAN, TAHUN_TAGIHAN, UANG)
VALUES(132, 8, TIMESTAMP '2023-01-10 15:08:33.000000', 5, 2023, 300000);
INSERT INTO LOKAKARYA8.HISTORY_TELKOM
(ID_HISTORY, ID_PELANGGAN, TANGGAL_BAYAR, BULAN_TAGIHAN, TAHUN_TAGIHAN, UANG)
VALUES(133, 8, TIMESTAMP '2023-01-10 15:08:43.000000', 12, 2022, 300000);
INSERT INTO LOKAKARYA8.HISTORY_TELKOM
(ID_HISTORY, ID_PELANGGAN, TANGGAL_BAYAR, BULAN_TAGIHAN, TAHUN_TAGIHAN, UANG)
VALUES(134, 8, TIMESTAMP '2023-01-10 15:15:45.000000', 5, 2023, 300000);
INSERT INTO LOKAKARYA8.HISTORY_TELKOM
(ID_HISTORY, ID_PELANGGAN, TANGGAL_BAYAR, BULAN_TAGIHAN, TAHUN_TAGIHAN, UANG)
VALUES(135, 8, TIMESTAMP '2023-01-10 15:15:45.000000', 12, 2022, 300000);
INSERT INTO LOKAKARYA8.HISTORY_TELKOM
(ID_HISTORY, ID_PELANGGAN, TANGGAL_BAYAR, BULAN_TAGIHAN, TAHUN_TAGIHAN, UANG)
VALUES(138, 8, TIMESTAMP '2023-01-12 07:20:12.000000', 12, 2022, 300000);
INSERT INTO LOKAKARYA8.HISTORY_TELKOM
(ID_HISTORY, ID_PELANGGAN, TANGGAL_BAYAR, BULAN_TAGIHAN, TAHUN_TAGIHAN, UANG)
VALUES(139, 42, TIMESTAMP '2023-01-13 03:27:59.000000', 1, 2022, 200000);
INSERT INTO LOKAKARYA8.HISTORY_TELKOM
(ID_HISTORY, ID_PELANGGAN, TANGGAL_BAYAR, BULAN_TAGIHAN, TAHUN_TAGIHAN, UANG)
VALUES(143, 1, TIMESTAMP '2023-01-13 03:34:39.000000', 4, 2023, 300000);
INSERT INTO LOKAKARYA8.HISTORY_TELKOM
(ID_HISTORY, ID_PELANGGAN, TANGGAL_BAYAR, BULAN_TAGIHAN, TAHUN_TAGIHAN, UANG)
VALUES(144, 1, TIMESTAMP '2023-01-13 03:34:39.000000', 6, 2023, 300000);
INSERT INTO LOKAKARYA8.HISTORY_TELKOM
(ID_HISTORY, ID_PELANGGAN, TANGGAL_BAYAR, BULAN_TAGIHAN, TAHUN_TAGIHAN, UANG)
VALUES(145, 1, TIMESTAMP '2023-01-13 03:34:40.000000', 2, 2022, 20000);
INSERT INTO LOKAKARYA8.HISTORY_TELKOM
(ID_HISTORY, ID_PELANGGAN, TANGGAL_BAYAR, BULAN_TAGIHAN, TAHUN_TAGIHAN, UANG)
VALUES(146, 1, TIMESTAMP '2023-01-13 03:37:48.000000', 4, 2023, 300000);
INSERT INTO LOKAKARYA8.HISTORY_TELKOM
(ID_HISTORY, ID_PELANGGAN, TANGGAL_BAYAR, BULAN_TAGIHAN, TAHUN_TAGIHAN, UANG)
VALUES(154, 8, TIMESTAMP '2023-01-13 04:06:25.000000', 5, 2023, 300000);
INSERT INTO LOKAKARYA8.HISTORY_TELKOM
(ID_HISTORY, ID_PELANGGAN, TANGGAL_BAYAR, BULAN_TAGIHAN, TAHUN_TAGIHAN, UANG)
VALUES(186, 1, TIMESTAMP '2023-01-13 14:05:09.000000', 4, 2023, 300000);
INSERT INTO LOKAKARYA8.HISTORY_TELKOM
(ID_HISTORY, ID_PELANGGAN, TANGGAL_BAYAR, BULAN_TAGIHAN, TAHUN_TAGIHAN, UANG)
VALUES(187, 1, TIMESTAMP '2023-01-13 14:05:09.000000', 6, 2023, 300000);
INSERT INTO LOKAKARYA8.HISTORY_TELKOM
(ID_HISTORY, ID_PELANGGAN, TANGGAL_BAYAR, BULAN_TAGIHAN, TAHUN_TAGIHAN, UANG)
VALUES(188, 1, TIMESTAMP '2023-01-13 14:05:09.000000', 2, 2022, 20000);
INSERT INTO LOKAKARYA8.HISTORY_TELKOM
(ID_HISTORY, ID_PELANGGAN, TANGGAL_BAYAR, BULAN_TAGIHAN, TAHUN_TAGIHAN, UANG)
VALUES(191, 1, TIMESTAMP '2023-01-13 14:06:18.000000', 6, 2023, 300000);
INSERT INTO LOKAKARYA8.HISTORY_TELKOM
(ID_HISTORY, ID_PELANGGAN, TANGGAL_BAYAR, BULAN_TAGIHAN, TAHUN_TAGIHAN, UANG)
VALUES(192, 1, TIMESTAMP '2023-01-13 14:06:19.000000', 2, 2022, 20000);
INSERT INTO LOKAKARYA8.HISTORY_TELKOM
(ID_HISTORY, ID_PELANGGAN, TANGGAL_BAYAR, BULAN_TAGIHAN, TAHUN_TAGIHAN, UANG)
VALUES(200, 8, TIMESTAMP '2023-01-13 07:16:05.000000', 12, 2023, 300000);
INSERT INTO LOKAKARYA8.HISTORY_TELKOM
(ID_HISTORY, ID_PELANGGAN, TANGGAL_BAYAR, BULAN_TAGIHAN, TAHUN_TAGIHAN, UANG)
VALUES(201, 8, TIMESTAMP '2023-01-13 07:19:57.000000', 12, 2022, 300000);
INSERT INTO LOKAKARYA8.HISTORY_TELKOM
(ID_HISTORY, ID_PELANGGAN, TANGGAL_BAYAR, BULAN_TAGIHAN, TAHUN_TAGIHAN, UANG)
VALUES(202, 8, TIMESTAMP '2023-01-13 07:19:57.000000', 12, 2023, 300000);
INSERT INTO LOKAKARYA8.HISTORY_TELKOM
(ID_HISTORY, ID_PELANGGAN, TANGGAL_BAYAR, BULAN_TAGIHAN, TAHUN_TAGIHAN, UANG)
VALUES(203, 8, TIMESTAMP '2023-01-13 07:21:28.000000', 12, 2022, 300000);

	 
	 
	 
	 
	 
	 
	 
	 
	 